{
  "task": "array_stats",
  "n_elements": 5000000,
  "sequential": {
    "time": 0.6179896790000043
  },
  "patterns": {
    "map_reduce": {
      "1": {
        "time": 0.5892324449999933
      },
      "2": {
        "time": 0.2999909480000156
      },
      "4": {
        "time": 0.1610408159999679
      },
      "8": {
        "time": 0.10546343799995839
      }
    },
    "fork_join": {
      "1": {
        "time": 0.611653772000011
      },
      "2": {
        "time": 0.2995673570000008
      },
      "4": {
        "time": 0.15629759799998055
      },
      "8": {
        "time": 0.1248916529999633
      }
    },
    "worker_pool": {
      "1": {
        "time": 0.5993500050000193
      },
      "2": {
        "time": 0.30008426699998836
      },
      "4": {
        "time": 0.1543581599999584
      },
      "8": {
        "time": 0.1140057800000136
      }
    }
  }
}