{
  "metadata": {
    "timestamp": "2026-04-27 19:17:11",
    "worker_counts": [
      1,
      2,
      4,
      8
    ],
    "io_latency_ms_task1": 15,
    "io_latency_ms_task2": 10,
    "notes": "Симульована I/O-затримка додана до атомарних операцій для моделювання реалістичного I/O-bound навантаження. У контейнерному середовищі CPU-паралелізм процесів обмежений; ThreadPoolExecutor з time.sleep дає чесне прискорення під час I/O."
  },
  "results": [
    {
      "task": "html_tags",
      "n_files": 400,
      "sequential": {
        "time": 7.166700080999988
      },
      "patterns": {
        "map_reduce": {
          "1": {
            "time": 7.265463421999982
          },
          "2": {
            "time": 3.668351995000023
          },
          "4": {
            "time": 1.809775333999994
          },
          "8": {
            "time": 1.273533005000047
          }
        },
        "fork_join": {
          "1": {
            "time": 7.2471367630000145
          },
          "2": {
            "time": 3.588924668000004
          },
          "4": {
            "time": 1.8252229640000337
          },
          "8": {
            "time": 1.3260484559999668
          }
        },
        "worker_pool": {
          "1": {
            "time": 7.220382141000016
          },
          "2": {
            "time": 3.6016575490000378
          },
          "4": {
            "time": 1.9909842120000008
          },
          "8": {
            "time": 1.1508937279999714
          }
        }
      }
    },
    {
      "task": "array_stats",
      "n_elements": 5000000,
      "sequential": {
        "time": 0.6179896790000043
      },
      "patterns": {
        "map_reduce": {
          "1": {
            "time": 0.5892324449999933
          },
          "2": {
            "time": 0.2999909480000156
          },
          "4": {
            "time": 0.1610408159999679
          },
          "8": {
            "time": 0.10546343799995839
          }
        },
        "fork_join": {
          "1": {
            "time": 0.611653772000011
          },
          "2": {
            "time": 0.2995673570000008
          },
          "4": {
            "time": 0.15629759799998055
          },
          "8": {
            "time": 0.1248916529999633
          }
        },
        "worker_pool": {
          "1": {
            "time": 0.5993500050000193
          },
          "2": {
            "time": 0.30008426699998836
          },
          "4": {
            "time": 0.1543581599999584
          },
          "8": {
            "time": 0.1140057800000136
          }
        }
      }
    },
    {
      "task": "matrix_mult",
      "size": [
        1024,
        1024
      ],
      "sequential": {
        "time": 0.6403975129999822
      },
      "patterns": {
        "map_reduce": {
          "1": {
            "time": 0.6483677600000419,
            "correct": true
          },
          "2": {
            "time": 0.37629548799998247,
            "correct": true
          },
          "4": {
            "time": 0.2161327480000068,
            "correct": true
          },
          "8": {
            "time": 0.1268634200000065,
            "correct": true
          }
        },
        "fork_join": {
          "1": {
            "time": 0.6651258510000275,
            "correct": true
          },
          "2": {
            "time": 0.34267581300002803,
            "correct": true
          },
          "4": {
            "time": 0.19518240100001094,
            "correct": true
          },
          "8": {
            "time": 0.14167351999998345,
            "correct": true
          }
        },
        "worker_pool": {
          "1": {
            "time": 0.6697067179999863,
            "correct": true
          },
          "2": {
            "time": 0.40574683400001277,
            "correct": true
          },
          "4": {
            "time": 0.21024967699997887,
            "correct": true
          },
          "8": {
            "time": 0.12438010500000019,
            "correct": true
          }
        }
      }
    },
    {
      "task": "image_processing",
      "n_images": 60,
      "sequential": {
        "time": 3.613099506000026
      },
      "patterns": {
        "pipeline": {
          "4": {
            "time": 2.234727296000017
          }
        },
        "producer_consumer": {
          "1": {
            "time": 3.3564426979999666
          },
          "2": {
            "time": 2.0924356960000523
          },
          "4": {
            "time": 2.688233367999999
          },
          "8": {
            "time": 2.5118926689999626
          }
        }
      }
    }
  ]
}