{
  "task": "html_tags",
  "n_files": 400,
  "sequential": {
    "time": 7.166700080999988
  },
  "patterns": {
    "map_reduce": {
      "1": {
        "time": 7.265463421999982
      },
      "2": {
        "time": 3.668351995000023
      },
      "4": {
        "time": 1.809775333999994
      },
      "8": {
        "time": 1.273533005000047
      }
    },
    "fork_join": {
      "1": {
        "time": 7.2471367630000145
      },
      "2": {
        "time": 3.588924668000004
      },
      "4": {
        "time": 1.8252229640000337
      },
      "8": {
        "time": 1.3260484559999668
      }
    },
    "worker_pool": {
      "1": {
        "time": 7.220382141000016
      },
      "2": {
        "time": 3.6016575490000378
      },
      "4": {
        "time": 1.9909842120000008
      },
      "8": {
        "time": 1.1508937279999714
      }
    }
  }
}