{
  "task": "image_processing",
  "n_images": 60,
  "sequential": {
    "time": 3.613099506000026
  },
  "patterns": {
    "pipeline": {
      "4": {
        "time": 2.234727296000017
      }
    },
    "producer_consumer": {
      "1": {
        "time": 3.3564426979999666
      },
      "2": {
        "time": 2.0924356960000523
      },
      "4": {
        "time": 2.688233367999999
      },
      "8": {
        "time": 2.5118926689999626
      }
    }
  }
}